method,offered_demand_gbps,served_throughput_gbps,served_ratio,unmet_demand_gbps,unmet_fraction,connected_flows,avg_hops,matched_satellite_pairs,case,config,selection,offset_minutes,snapshot_utc,evaluation_seconds,candidate_inter_shell_pairs,selected_inter_shell_pairs
+Grid,373.26975000000004,84.33265180937222,0.22592951025196178,288.9370981906278,0.7740704897480382,227,8.537162162162161,977,mixed-s0-t000,mixed,0,0,2025-07-16T16:00:00,2.941155525040813,10969,29
DRL,373.26975000000004,26.081198831918023,0.06987225413234804,347.18855116808203,0.930127745867652,71,35.29608938547486,962,mixed-s0-t000,mixed,0,0,2025-07-16T16:00:00,3.1691177639877424,10969,328
DuJo,373.26975000000004,124.6645262708447,0.33397971914639396,248.60522372915534,0.666020280853606,322,18.2475442043222,961,mixed-s0-t000,mixed,0,0,2025-07-16T16:00:00,225.05587240995374,10969,316
MRate,373.26975000000004,113.61683582294148,0.30438265041016976,259.65291417705856,0.6956173495898302,293,5.593220338983051,970,mixed-s0-t000,mixed,0,0,2025-07-16T16:00:00,2.853240779018961,10969,375
SaTE,373.26975000000004,113.61683582294148,0.30438265041016976,259.65291417705856,0.6956173495898302,293,5.593220338983051,970,mixed-s0-t000,mixed,0,0,2025-07-16T16:00:00,3.0156528189545497,10969,375
+Grid,370.38626000000005,80.40198025309357,0.21707603368735534,289.9842797469065,0.7829239663126447,220,30.265267175572518,969,mixed-s0-t030,mixed,0,30,2025-07-16T16:30:00,3.0443040219834074,10927,33
DRL,370.38626000000005,24.467757985456288,0.06606011244978764,345.9185020145438,0.9339398875502124,67,39.60538116591928,967,mixed-s0-t030,mixed,0,30,2025-07-16T16:30:00,3.261598828015849,10927,321
DuJo,370.38626000000005,129.3850357010789,0.349324609668509,241.00122429892116,0.650675390331491,331,14.809628008752735,970,mixed-s0-t030,mixed,0,30,2025-07-16T16:30:00,239.59629083995242,10927,335
MRate,370.38626000000005,114.52412068374662,0.30920186046789805,255.86213931625343,0.690798139532102,298,17.854354354354353,973,mixed-s0-t030,mixed,0,30,2025-07-16T16:30:00,2.9835530660348013,10927,382
SaTE,370.38626000000005,114.52412068374662,0.30920186046789805,255.86213931625343,0.690798139532102,298,17.854354354354353,973,mixed-s0-t030,mixed,0,30,2025-07-16T16:30:00,3.144517181091942,10927,382
+Grid,372.59019000000006,77.21675151754509,0.20724311479468924,295.37343848245496,0.7927568852053107,211,18.084745762711865,972,mixed-s0-t060,mixed,0,60,2025-07-16T17:00:00,2.6841727340361103,10876,23
DRL,372.59019000000006,22.491813846565357,0.06036609242601195,350.0983761534347,0.939633907573988,62,18.07894736842105,962,mixed-s0-t060,mixed,0,60,2025-07-16T17:00:00,3.0102035390445963,10876,343
DuJo,372.59019000000006,136.5734806834511,0.36655146686350243,236.01670931654897,0.6334485331364976,352,23.557536466774717,972,mixed-s0-t060,mixed,0,60,2025-07-16T17:00:00,234.93485694902483,10876,349
MRate,372.59019000000006,104.91302725581804,0.281577534974332,267.67716274418206,0.7184224650256681,271,20.146864686468646,976,mixed-s0-t060,mixed,0,60,2025-07-16T17:00:00,3.1198510910617188,10876,391
SaTE,372.59019000000006,104.91302725581804,0.281577534974332,267.67716274418206,0.7184224650256681,271,20.146864686468646,976,mixed-s0-t060,mixed,0,60,2025-07-16T17:00:00,3.0626192870549858,10876,391
+Grid,374.0882500000001,76.3381153607803,0.20406445634360415,297.75013463921977,0.7959355436563958,208,27.525862068965516,977,mixed-s0-t090,mixed,0,90,2025-07-16T17:30:00,2.8037389940582216,10988,36
DRL,374.0882500000001,29.31609131808979,0.07836677927758967,344.7721586819103,0.9216332207224104,80,11.719696969696969,963,mixed-s0-t090,mixed,0,90,2025-07-16T17:30:00,3.177808829001151,10988,361
DuJo,374.0882500000001,141.52686228194258,0.37832479978171607,232.5613877180575,0.6216752002182839,365,8.950537634408603,965,mixed-s0-t090,mixed,0,90,2025-07-16T17:30:00,248.22248804499395,10988,327
MRate,374.0882500000001,90.81257235892889,0.24275708301163929,283.2756776410712,0.7572429169883607,236,19.92960288808664,967,mixed-s0-t090,mixed,0,90,2025-07-16T17:30:00,3.2333662880118936,10988,369
SaTE,374.0882500000001,90.81257235892889,0.24275708301163929,283.2756776410712,0.7572429169883607,236,19.92960288808664,967,mixed-s0-t090,mixed,0,90,2025-07-16T17:30:00,2.906188230961561,10988,369
+Grid,373.7143300000001,75.05581492761713,0.20083740146549137,298.65851507238295,0.7991625985345087,206,11.617834394904458,969,mixed-s0-t120,mixed,0,120,2025-07-16T18:00:00,2.6853328369325027,10734,19
DRL,373.7143300000001,34.34832508013095,0.09191064490390545,339.3660049198691,0.9080893550960945,98,26.204444444444444,965,mixed-s0-t120,mixed,0,120,2025-07-16T18:00:00,2.7395786070264876,10734,342
DuJo,373.7143300000001,142.9636833085671,0.3825480369151675,230.75064669143296,0.6174519630848325,365,31.56422764227642,968,mixed-s0-t120,mixed,0,120,2025-07-16T18:00:00,219.3615247599082,10734,345
MRate,373.7143300000001,111.56649392653766,0.2985341609098523,262.14783607346243,0.7014658390901477,286,13.977695167286246,970,mixed-s0-t120,mixed,0,120,2025-07-16T18:00:00,2.809914878103882,10734,370
SaTE,373.7143300000001,111.56649392653766,0.2985341609098523,262.14783607346243,0.7014658390901477,286,13.977695167286246,970,mixed-s0-t120,mixed,0,120,2025-07-16T18:00:00,2.513666642946191,10734,370
+Grid,377.41231000000005,80.25126230993075,0.21263551872468267,297.16104769006927,0.7873644812753172,216,17.21345029239766,974,mixed-s0-t180,mixed,0,180,2025-07-16T19:00:00,2.477119001909159,11047,27
DRL,377.41231000000005,23.248741675835753,0.06160037990238249,354.1635683241643,0.9383996200976176,66,31.867924528301888,961,mixed-s0-t180,mixed,0,180,2025-07-16T19:00:00,2.6563879089662805,11047,335
DuJo,377.41231000000005,149.27638186074648,0.3955260014193667,228.13592813925356,0.6044739985806333,382,21.940140845070424,960,mixed-s0-t180,mixed,0,180,2025-07-16T19:00:00,277.05478853092063,11047,336
MRate,377.41231000000005,101.5813945775977,0.26915230872463514,275.8309154224023,0.7308476912753649,261,11.091954022988507,972,mixed-s0-t180,mixed,0,180,2025-07-16T19:00:00,2.361128111020662,11047,369
SaTE,377.41231000000005,101.5813945775977,0.26915230872463514,275.8309154224023,0.7308476912753649,261,11.091954022988507,972,mixed-s0-t180,mixed,0,180,2025-07-16T19:00:00,2.5290254389401525,11047,369
+Grid,350.33231,82.75705859212368,0.23622445383962354,267.5752514078763,0.7637755461603764,219,10.805111821086262,972,mixed-s1-t000,mixed,1,0,2025-07-16T16:00:00,4.086164562031627,10027,46
DRL,350.33231,31.894449936743,0.0910405607086112,318.437860063257,0.9089594392913888,88,26.714285714285715,959,mixed-s1-t000,mixed,1,0,2025-07-16T16:00:00,4.453320153988898,10027,347
DuJo,350.33231,135.12616631165537,0.38570854715528624,215.20614368834464,0.6142914528447138,337,9.588362068965518,963,mixed-s1-t000,mixed,1,0,2025-07-16T16:00:00,215.00425029790495,10027,345
MRate,350.33231,123.69156981423826,0.35306926105170905,226.64074018576173,0.6469307389482909,317,18.8328173374613,968,mixed-s1-t000,mixed,1,0,2025-07-16T16:00:00,4.570290212053806,10027,396
SaTE,350.33231,123.69156981423826,0.35306926105170905,226.64074018576173,0.6469307389482909,317,18.8328173374613,968,mixed-s1-t000,mixed,1,0,2025-07-16T16:00:00,4.445677077048458,10027,396
+Grid,350.29370000000006,87.9376108779349,0.2510396586576775,262.35608912206516,0.7489603413423225,243,36.800338409475465,967,mixed-s1-t030,mixed,1,30,2025-07-16T16:30:00,4.209404274006374,10130,43
DRL,350.29370000000006,37.439563318135754,0.10688049290676865,312.8541366818643,0.8931195070932313,101,15.333333333333334,956,mixed-s1-t030,mixed,1,30,2025-07-16T16:30:00,4.026828143978491,10130,352
DuJo,350.29370000000006,120.00609032542,0.34258706429895824,230.28760967458004,0.6574129357010418,313,12.96328293736501,960,mixed-s1-t030,mixed,1,30,2025-07-16T16:30:00,243.32485435996205,10130,367
MRate,350.29370000000006,114.11182961085264,0.3257604393423365,236.18187038914743,0.6742395606576636,293,20.786786786786788,966,mixed-s1-t030,mixed,1,30,2025-07-16T16:30:00,4.1165474449517205,10130,396
SaTE,350.29370000000006,114.11182961085264,0.3257604393423365,236.18187038914743,0.6742395606576636,293,20.786786786786788,966,mixed-s1-t030,mixed,1,30,2025-07-16T16:30:00,4.241168378968723,10130,396
+Grid,356.21006,83.76063173823297,0.23514392529574538,272.449428261767,0.7648560747042547,229,10.013201320132014,968,mixed-s1-t060,mixed,1,60,2025-07-16T17:00:00,4.023710814071819,10058,35
DRL,356.21006,36.91790179541665,0.1036408174306381,319.29215820458336,0.8963591825693619,101,11.019867549668874,955,mixed-s1-t060,mixed,1,60,2025-07-16T17:00:00,4.506409002002329,10058,355
DuJo,356.21006,132.94147384970444,0.3732108909268437,223.26858615029556,0.6267891090731563,339,13.473469387755102,962,mixed-s1-t060,mixed,1,60,2025-07-16T17:00:00,231.18410438194405,10058,354
MRate,356.21006,118.80727031998516,0.33353148510175473,237.40278968001485,0.6664685148982453,307,15.804651162790698,967,mixed-s1-t060,mixed,1,60,2025-07-16T17:00:00,4.067088166018948,10058,388
SaTE,356.21006,118.80727031998516,0.33353148510175473,237.40278968001485,0.6664685148982453,307,15.804651162790698,967,mixed-s1-t060,mixed,1,60,2025-07-16T17:00:00,4.304023430100642,10058,388
+Grid,353.84321000000006,89.43103105191409,0.2527419730674331,264.41217894808597,0.7472580269325669,238,11.260623229461757,969,mixed-s1-t090,mixed,1,90,2025-07-16T17:30:00,4.716773367021233,10094,53
DRL,353.84321000000006,39.926269494687645,0.11283604818837031,313.9169405053124,0.8871639518116298,108,17.781094527363184,960,mixed-s1-t090,mixed,1,90,2025-07-16T17:30:00,4.573154512909241,10094,361
DuJo,353.84321000000006,129.8997266872217,0.3671109774502149,223.94348331277837,0.6328890225497851,337,16.25052192066806,963,mixed-s1-t090,mixed,1,90,2025-07-16T17:30:00,231.97248461295385,10094,375
MRate,353.84321000000006,130.42700208347495,0.36860111596736567,223.4162079165251,0.6313988840326343,334,7.951951951951952,967,mixed-s1-t090,mixed,1,90,2025-07-16T17:30:00,4.694893090985715,10094,414
SaTE,353.84321000000006,130.42700208347495,0.36860111596736567,223.4162079165251,0.6313988840326343,334,7.951951951951952,967,mixed-s1-t090,mixed,1,90,2025-07-16T17:30:00,4.332973878015764,10094,414
+Grid,350.71361,82.93380059168379,0.2364715774551315,267.7798094083162,0.7635284225448685,233,17.556410256410256,968,mixed-s1-t120,mixed,1,120,2025-07-16T18:00:00,4.076719910954125,10094,31
DRL,350.71361,37.43860855825395,0.1067498023765144,313.2750014417461,0.8932501976234857,99,14.972727272727273,965,mixed-s1-t120,mixed,1,120,2025-07-16T18:00:00,4.106394683942199,10094,352
DuJo,350.71361,136.71850302513553,0.3898294766066693,213.99510697486448,0.6101705233933308,357,15.772815533980582,965,mixed-s1-t120,mixed,1,120,2025-07-16T18:00:00,252.33026902994607,10094,329
MRate,350.71361,120.50128144661818,0.3435888371900314,230.21232855338184,0.6564111628099686,307,5.649717514124294,964,mixed-s1-t120,mixed,1,120,2025-07-16T18:00:00,4.182667396962643,10094,390
SaTE,350.71361,120.50128144661818,0.3435888371900314,230.21232855338184,0.6564111628099686,307,5.649717514124294,964,mixed-s1-t120,mixed,1,120,2025-07-16T18:00:00,4.2149482070235536,10094,390
+Grid,374.91169,86.73926356390996,0.23135918638309186,288.17242643609006,0.7686408136169082,235,12.736231884057972,966,mixed-s1-t180,mixed,1,180,2025-07-16T19:00:00,3.4267298750346527,10203,41
DRL,374.91169,32.57823527338323,0.08689575743392591,342.33345472661676,0.913104242566074,89,14.427672955974844,957,mixed-s1-t180,mixed,1,180,2025-07-16T19:00:00,3.391938837012276,10203,339
DuJo,374.91169,126.37456395374346,0.3370782168828704,248.53712604625656,0.6629217831171297,327,11.516194331983806,958,mixed-s1-t180,mixed,1,180,2025-07-16T19:00:00,244.53412591991946,10203,371
MRate,374.91169,123.7731388674928,0.3301394492860247,251.13855113250722,0.6698605507139753,321,23.67391304347826,970,mixed-s1-t180,mixed,1,180,2025-07-16T19:00:00,3.361011089058593,10203,401
SaTE,374.91169,123.7731388674928,0.3301394492860247,251.13855113250722,0.6698605507139753,321,23.67391304347826,970,mixed-s1-t180,mixed,1,180,2025-07-16T19:00:00,3.4548699309816584,10203,401
+Grid,358.26842000000005,94.66953277766189,0.26424191330528624,263.59888722233813,0.7357580866947137,255,17.26530612244898,972,mixed-s2-t000,mixed,2,0,2025-07-16T16:00:00,3.0689278088975698,9871,21
DRL,358.26842000000005,33.11908661899301,0.09244210421614332,325.14933338100707,0.9075578957838568,88,4.661764705882353,952,mixed-s2-t000,mixed,2,0,2025-07-16T16:00:00,3.4430884319590405,9871,346
DuJo,358.26842000000005,135.3566841026106,0.3778080247837936,222.91173589738946,0.6221919752162064,339,16.73305954825462,962,mixed-s2-t000,mixed,2,0,2025-07-16T16:00:00,217.66603960003704,9871,345
MRate,358.26842000000005,108.71173544312359,0.3034365558737317,249.55668455687646,0.6965634441262684,278,7.614130434782608,966,mixed-s2-t000,mixed,2,0,2025-07-16T16:00:00,3.1448866319842637,9871,396
SaTE,358.26842000000005,108.71173544312359,0.3034365558737317,249.55668455687646,0.6965634441262684,278,7.614130434782608,966,mixed-s2-t000,mixed,2,0,2025-07-16T16:00:00,3.0905291880480945,9871,396
+Grid,388.59639000000004,80.57679956056364,0.20735344340322778,308.0195904394364,0.7926465565967722,217,20.779187817258883,971,mixed-s2-t030,mixed,2,30,2025-07-16T16:30:00,3.270688017946668,10081,21
DRL,388.59639000000004,45.07785796203662,0.11600174145219572,343.51853203796344,0.8839982585478043,122,33.569395017793596,966,mixed-s2-t030,mixed,2,30,2025-07-16T16:30:00,3.210448710946366,10081,362
DuJo,388.59639000000004,142.55346125550096,0.36684195974002987,246.04292874449908,0.6331580402599701,354,6.4141176470588235,961,mixed-s2-t030,mixed,2,30,2025-07-16T16:30:00,217.1156996539794,10081,337
MRate,388.59639000000004,118.4066959096173,0.304703540631495,270.1896940903828,0.695296459368505,295,10.954468802698145,967,mixed-s2-t030,mixed,2,30,2025-07-16T16:30:00,3.1527403260115534,10081,381
SaTE,388.59639000000004,118.4066959096173,0.304703540631495,270.1896940903828,0.695296459368505,295,10.954468802698145,967,mixed-s2-t030,mixed,2,30,2025-07-16T16:30:00,3.256777941947803,10081,381
+Grid,351.86768000000006,84.09098242596266,0.23898467294854317,267.77669757403737,0.7610153270514567,230,22.138004246284503,970,mixed-s2-t060,mixed,2,60,2025-07-16T17:00:00,3.492558616097085,9992,30
DRL,351.86768000000006,40.07452388548887,0.11389089184175388,311.7931561145112,0.8861091081582462,111,14.660714285714286,958,mixed-s2-t060,mixed,2,60,2025-07-16T17:00:00,3.548919297987595,9992,342
DuJo,351.86768000000006,147.45070736916335,0.419051580324636,204.4169726308367,0.5809484196753639,377,12.104089219330856,960,mixed-s2-t060,mixed,2,60,2025-07-16T17:00:00,202.35970891895704,9992,322
MRate,351.86768000000006,119.8086191037881,0.34049338974181453,232.05906089621197,0.6595066102581855,304,22.76241610738255,972,mixed-s2-t060,mixed,2,60,2025-07-16T17:00:00,3.414984183968045,9992,376
SaTE,351.86768000000006,119.8086191037881,0.34049338974181453,232.05906089621197,0.6595066102581855,304,22.76241610738255,972,mixed-s2-t060,mixed,2,60,2025-07-16T17:00:00,3.531105471076444,9992,376
+Grid,347.36943,83.73062923405976,0.24104202040478853,263.63880076594023,0.7589579795952114,226,14.226628895184136,968,mixed-s2-t090,mixed,2,90,2025-07-16T17:30:00,3.7006363209802657,9926,18
DRL,347.36943,39.079692401137805,0.1125018180245101,308.2897375988622,0.8874981819754898,109,23.05058365758755,957,mixed-s2-t090,mixed,2,90,2025-07-16T17:30:00,3.8711611959151924,9926,347
DuJo,347.36943,151.3354858543418,0.4356614969093331,196.0339441456582,0.5643385030906669,387,14.143872113676732,963,mixed-s2-t090,mixed,2,90,2025-07-16T17:30:00,216.44234924006741,9926,340
MRate,347.36943,125.5339494600285,0.36138456242401207,221.8354805399715,0.6386154375759879,320,6.6269592476489025,967,mixed-s2-t090,mixed,2,90,2025-07-16T17:30:00,3.762829062063247,9926,389
SaTE,347.36943,125.5339494600285,0.36138456242401207,221.8354805399715,0.6386154375759879,320,6.6269592476489025,967,mixed-s2-t090,mixed,2,90,2025-07-16T17:30:00,3.7355128640774637,9926,389
+Grid,343.11879000000005,84.74562197814254,0.24698624630304428,258.3731680218575,0.7530137536969557,235,22.29004329004329,971,mixed-s2-t120,mixed,2,120,2025-07-16T18:00:00,3.9052441499661654,9985,17
DRL,343.11879000000005,39.919138225257356,0.11634203485404385,303.1996517747427,0.8836579651459561,110,16.99019607843137,954,mixed-s2-t120,mixed,2,120,2025-07-16T18:00:00,4.0333392129978165,9985,348
DuJo,343.11879000000005,143.14033100189593,0.41717427075881186,199.97845899810412,0.5828257292411881,366,12.271484375,958,mixed-s2-t120,mixed,2,120,2025-07-16T18:00:00,168.82350566692185,9985,347
MRate,343.11879000000005,129.32477765620638,0.37690963428789886,213.79401234379367,0.6230903657121012,331,7.515447154471545,970,mixed-s2-t120,mixed,2,120,2025-07-16T18:00:00,3.9917188859544694,9985,394
SaTE,343.11879000000005,129.32477765620638,0.37690963428789886,213.79401234379367,0.6230903657121012,331,7.515447154471545,970,mixed-s2-t120,mixed,2,120,2025-07-16T18:00:00,3.9021337459562346,9985,394
+Grid,370.87791000000004,91.31208997467303,0.24620525383858266,279.565820025327,0.7537947461614173,250,11.52199413489736,969,mixed-s2-t180,mixed,2,180,2025-07-16T19:00:00,3.4978473940864205,9967,20
DRL,370.87791000000004,41.060281986583476,0.11071104770457607,329.81762801341654,0.8892889522954238,113,18.647773279352226,962,mixed-s2-t180,mixed,2,180,2025-07-16T19:00:00,3.475356327020563,9967,313
DuJo,370.87791000000004,146.0977717072634,0.3939241668700716,224.78013829273664,0.6060758331299284,369,13.170542635658915,960,mixed-s2-t180,mixed,2,180,2025-07-16T19:00:00,177.79345533193555,9967,364
MRate,370.87791000000004,125.90684035229367,0.3394832556953679,244.97106964770637,0.660516744304632,322,13.597080291970803,970,mixed-s2-t180,mixed,2,180,2025-07-16T19:00:00,3.4560040050419047,9967,374
SaTE,370.87791000000004,125.90684035229367,0.3394832556953679,244.97106964770637,0.660516744304632,322,13.597080291970803,970,mixed-s2-t180,mixed,2,180,2025-07-16T19:00:00,3.527695131022483,9967,374
+Grid,357.23152000000005,127.15304678604573,0.35594016671889905,230.0784732139543,0.644059833281101,327,9.181818181818182,983,shell43-s0-t000,shell43,0,0,2025-07-16T16:00:00,2.720896024024114,0,0
DRL,357.23152000000005,49.04169542111353,0.13728266593360386,308.1898245788865,0.8627173340663961,139,27.86387434554974,963,shell43-s0-t000,shell43,0,0,2025-07-16T16:00:00,3.2481237719766796,0,0
DuJo,357.23152000000005,151.49389197696937,0.42407761772244884,205.73762802303068,0.5759223822775511,394,7.926732673267327,957,shell43-s0-t000,shell43,0,0,2025-07-16T16:00:00,161.0050726979971,0,0
MRate,357.23152000000005,144.8927653885194,0.4055990506899262,212.33875461148065,0.5944009493100738,375,12.370477568740956,972,shell43-s0-t000,shell43,0,0,2025-07-16T16:00:00,2.6839409440290183,0,0
SaTE,357.23152000000005,144.8927653885194,0.4055990506899262,212.33875461148065,0.5944009493100738,375,12.370477568740956,972,shell43-s0-t000,shell43,0,0,2025-07-16T16:00:00,2.666664437041618,0,0
+Grid,359.52702000000005,122.07418190280072,0.3395410500796316,237.45283809719933,0.6604589499203685,324,19.535283993115318,981,shell43-s0-t030,shell43,0,30,2025-07-16T16:30:00,3.050232999958098,0,0
DRL,359.52702000000005,37.98098433568327,0.10564152962879747,321.5460356643168,0.8943584703712025,107,15.586872586872587,956,shell43-s0-t030,shell43,0,30,2025-07-16T16:30:00,3.183748026029207,0,0
DuJo,359.52702000000005,153.27946461990484,0.4263364256180379,206.2475553800952,0.5736635743819621,401,8.33140655105973,962,shell43-s0-t030,shell43,0,30,2025-07-16T16:30:00,213.09139155608136,0,0
MRate,359.52702000000005,135.3192344992127,0.3763812647494831,224.20778550078734,0.6236187352505169,348,13.943283582089553,969,shell43-s0-t030,shell43,0,30,2025-07-16T16:30:00,2.6861622269498184,0,0
SaTE,359.52702000000005,135.3192344992127,0.3763812647494831,224.20778550078734,0.6236187352505169,348,13.943283582089553,969,shell43-s0-t030,shell43,0,30,2025-07-16T16:30:00,3.0491053470177576,0,0
+Grid,361.33798,130.24635186389617,0.36045574800605285,231.09162813610385,0.6395442519939472,342,22.882747068676718,982,shell43-s0-t060,shell43,0,60,2025-07-16T17:00:00,2.875583079061471,0,0
DRL,361.33798,47.075483129032605,0.13028102700145885,314.2624968709674,0.8697189729985412,128,12.781115879828326,948,shell43-s0-t060,shell43,0,60,2025-07-16T17:00:00,2.906898849993013,0,0
DuJo,361.33798,164.15580918313506,0.4542999027756093,197.18217081686495,0.5457000972243907,418,9.06398537477148,951,shell43-s0-t060,shell43,0,60,2025-07-16T17:00:00,180.8396084799897,0,0
MRate,361.33798,143.5594100341072,0.39729953113178745,217.7785699658928,0.6027004688682125,373,19.607795371498174,970,shell43-s0-t060,shell43,0,60,2025-07-16T17:00:00,2.999688139068894,0,0
SaTE,361.33798,143.5594100341072,0.39729953113178745,217.7785699658928,0.6027004688682125,373,19.607795371498174,970,shell43-s0-t060,shell43,0,60,2025-07-16T17:00:00,2.7251872789347544,0,0
+Grid,359.02336,125.38982783731672,0.3492525607172656,233.6335321626833,0.6507474392827344,327,10.285714285714286,977,shell43-s0-t090,shell43,0,90,2025-07-16T17:30:00,3.038183492026292,0,0
DRL,359.02336,42.40562125550059,0.1181138220518592,316.61773874449943,0.8818861779481408,118,17.7,953,shell43-s0-t090,shell43,0,90,2025-07-16T17:30:00,2.7543651500018314,0,0
DuJo,359.02336,147.86547723050478,0.41185475293447416,211.15788276949525,0.5881452470655258,381,10.611001964636543,960,shell43-s0-t090,shell43,0,90,2025-07-16T17:30:00,187.02444589301012,0,0
MRate,359.02336,121.7873898478091,0.33921856741524864,237.23597015219093,0.6607814325847513,314,9.591872791519435,963,shell43-s0-t090,shell43,0,90,2025-07-16T17:30:00,2.916244219057262,0,0
SaTE,359.02336,121.7873898478091,0.33921856741524864,237.23597015219093,0.6607814325847513,314,9.591872791519435,963,shell43-s0-t090,shell43,0,90,2025-07-16T17:30:00,2.6881824920419604,0,0
+Grid,362.43226000000004,122.18027496077048,0.33711203015087693,240.25198503922957,0.6628879698491231,319,27.584126984126986,979,shell43-s0-t120,shell43,0,120,2025-07-16T18:00:00,2.472958112019114,0,0
DRL,362.43226000000004,37.09474454324632,0.10234945571138264,325.33751545675375,0.8976505442886175,103,19.52132701421801,955,shell43-s0-t120,shell43,0,120,2025-07-16T18:00:00,2.6711624950403348,0,0
DuJo,362.43226000000004,155.3895531480054,0.42874095464902984,207.04270685199464,0.5712590453509702,400,12.899821109123435,957,shell43-s0-t120,shell43,0,120,2025-07-16T18:00:00,179.4671840709634,0,0
MRate,362.43226000000004,130.6938388492207,0.36060211320377683,231.73842115077935,0.6393978867962231,340,36.67287543655413,966,shell43-s0-t120,shell43,0,120,2025-07-16T18:00:00,2.8807767250109464,0,0
SaTE,362.43226000000004,130.6938388492207,0.36060211320377683,231.73842115077935,0.6393978867962231,340,36.67287543655413,966,shell43-s0-t120,shell43,0,120,2025-07-16T18:00:00,2.4598806969588622,0,0
+Grid,361.30636000000004,124.57526748318014,0.3447912388898444,236.7310925168199,0.6552087611101556,319,6.546948356807512,979,shell43-s0-t180,shell43,0,180,2025-07-16T19:00:00,2.726196391042322,0,0
DRL,361.30636000000004,38.30912641616108,0.10602948261459078,322.997233583839,0.8939705173854092,103,16.155963302752294,949,shell43-s0-t180,shell43,0,180,2025-07-16T19:00:00,2.6824097299249843,0,0
DuJo,361.30636000000004,154.71465335117992,0.4282090504888425,206.59170664882012,0.5717909495111575,398,8.438735177865613,956,shell43-s0-t180,shell43,0,180,2025-07-16T19:00:00,181.7482914379798,0,0
MRate,361.30636000000004,139.38389677646387,0.3857775899003379,221.92246322353617,0.614222410099662,359,13.564986737400531,973,shell43-s0-t180,shell43,0,180,2025-07-16T19:00:00,2.6170826900051907,0,0
SaTE,361.30636000000004,139.38389677646387,0.3857775899003379,221.92246322353617,0.614222410099662,359,13.564986737400531,973,shell43-s0-t180,shell43,0,180,2025-07-16T19:00:00,2.9975788990268484,0,0
+Grid,350.41501000000005,118.81062692364478,0.3390568997704886,231.60438307635528,0.6609431002295114,311,9.014117647058823,978,shell43-s1-t000,shell43,1,0,2025-07-16T16:00:00,2.981743010925129,0,0
DRL,350.41501000000005,41.618326012773,0.1187686737870418,308.7966839872271,0.8812313262129583,112,16.473913043478262,961,shell43-s1-t000,shell43,1,0,2025-07-16T16:00:00,3.380405635922216,0,0
DuJo,350.41501000000005,152.57833067741572,0.43542178937316556,197.83667932258433,0.5645782106268344,397,14.240270727580372,957,shell43-s1-t000,shell43,1,0,2025-07-16T16:00:00,166.97744392801542,0,0
MRate,350.41501000000005,128.44820808551196,0.3665602340650646,221.9668019144881,0.6334397659349355,337,31.728691476590637,966,shell43-s1-t000,shell43,1,0,2025-07-16T16:00:00,3.067929061013274,0,0
SaTE,350.41501000000005,128.44820808551196,0.3665602340650646,221.9668019144881,0.6334397659349355,337,31.728691476590637,966,shell43-s1-t000,shell43,1,0,2025-07-16T16:00:00,2.9299657569499686,0,0
+Grid,350.71167,119.67866865261044,0.3412451848340559,231.0330013473896,0.658754815165944,318,23.7779632721202,976,shell43-s1-t030,shell43,1,30,2025-07-16T16:30:00,3.425530355074443,0,0
DRL,350.71167,35.29936945615557,0.10065068395401718,315.4123005438445,0.8993493160459829,96,15.921465968586388,952,shell43-s1-t030,shell43,1,30,2025-07-16T16:30:00,3.380045376950875,0,0
DuJo,350.71167,143.27276134934323,0.40852008531493467,207.4389086506568,0.5914799146850653,372,6.807615230460922,949,shell43-s1-t030,shell43,1,30,2025-07-16T16:30:00,205.67107142391615,0,0
MRate,350.71167,127.2961965348032,0.3629653855966732,223.41547346519684,0.6370346144033269,330,11.80631868131868,965,shell43-s1-t030,shell43,1,30,2025-07-16T16:30:00,3.0385812129825354,0,0
SaTE,350.71167,127.2961965348032,0.3629653855966732,223.41547346519684,0.6370346144033269,330,11.80631868131868,965,shell43-s1-t030,shell43,1,30,2025-07-16T16:30:00,3.0414861059980467,0,0
+Grid,352.53421000000003,114.39257574599768,0.3244864540834141,238.14163425400235,0.6755135459165859,303,22.161120840630474,978,shell43-s1-t060,shell43,1,60,2025-07-16T17:00:00,2.905167949036695,0,0
DRL,352.53421000000003,43.60194478047322,0.12368145712858113,308.9322652195268,0.8763185428714189,118,10.773584905660377,957,shell43-s1-t060,shell43,1,60,2025-07-16T17:00:00,3.088125557056628,0,0
DuJo,352.53421000000003,149.3307634822488,0.42359226210202067,203.20344651775122,0.5764077378979793,384,5.950617283950617,954,shell43-s1-t060,shell43,1,60,2025-07-16T17:00:00,170.49874178005848,0,0
MRate,352.53421000000003,137.31557343208556,0.3895099242484454,215.21863656791447,0.6104900757515546,355,15.668380462724937,960,shell43-s1-t060,shell43,1,60,2025-07-16T17:00:00,3.026464583002962,0,0
SaTE,352.53421000000003,137.31557343208556,0.3895099242484454,215.21863656791447,0.6104900757515546,355,15.668380462724937,960,shell43-s1-t060,shell43,1,60,2025-07-16T17:00:00,3.061021414003335,0,0
+Grid,345.41406,117.84271984518725,0.3411636452933828,227.57134015481276,0.6588363547066172,309,16.516007532956685,978,shell43-s1-t090,shell43,1,90,2025-07-16T17:30:00,3.1330304930452257,0,0
DRL,345.41406,42.10993142118102,0.12191145728457323,303.304128578819,0.8780885427154268,117,10.0,952,shell43-s1-t090,shell43,1,90,2025-07-16T17:30:00,3.670638599083759,0,0
DuJo,345.41406,149.39424896327836,0.43250772410155613,196.01981103672165,0.5674922758984439,387,7.354527938342967,956,shell43-s1-t090,shell43,1,90,2025-07-16T17:30:00,161.96999436803162,0,0
MRate,345.41406,125.34384898879232,0.36287998522350917,220.07021101120768,0.6371200147764908,321,15.111951588502269,968,shell43-s1-t090,shell43,1,90,2025-07-16T17:30:00,3.460310439928435,0,0
SaTE,345.41406,125.34384898879232,0.36287998522350917,220.07021101120768,0.6371200147764908,321,15.111951588502269,968,shell43-s1-t090,shell43,1,90,2025-07-16T17:30:00,3.5238332520239055,0,0
+Grid,351.59927000000005,118.10787161252969,0.33591614570909,233.49139838747035,0.66408385429091,307,11.074074074074074,977,shell43-s1-t120,shell43,1,120,2025-07-16T18:00:00,2.872088629985228,0,0
DRL,351.59927000000005,35.92389315866565,0.10217283203877427,315.6753768413344,0.8978271679612257,102,13.924778761061948,950,shell43-s1-t120,shell43,1,120,2025-07-16T18:00:00,2.905272605945356,0,0
DuJo,351.59927000000005,152.20269380227194,0.4328868310854909,199.3965761977281,0.567113168914509,395,7.192,954,shell43-s1-t120,shell43,1,120,2025-07-16T18:00:00,166.1772236780962,0,0
MRate,351.59927000000005,118.79216620629795,0.3378623801076093,232.80710379370208,0.6621376198923907,305,12.329052969502408,960,shell43-s1-t120,shell43,1,120,2025-07-16T18:00:00,3.0833223100053146,0,0
SaTE,351.59927000000005,118.79216620629795,0.3378623801076093,232.80710379370208,0.6621376198923907,305,12.329052969502408,960,shell43-s1-t120,shell43,1,120,2025-07-16T18:00:00,2.905707639059983,0,0
+Grid,350.52570000000003,120.63131588853402,0.34414399825329217,229.89438411146602,0.6558560017467079,313,9.931567328918323,977,shell43-s1-t180,shell43,1,180,2025-07-16T19:00:00,3.3434156629955396,0,0
DRL,350.52570000000003,37.402197117007596,0.10670315219970346,313.12350288299245,0.8932968478002966,102,9.295,953,shell43-s1-t180,shell43,1,180,2025-07-16T19:00:00,3.0642587549518794,0,0
DuJo,350.52570000000003,138.8669205739827,0.3961675864964614,211.65877942601733,0.6038324135035386,360,6.641821946169772,952,shell43-s1-t180,shell43,1,180,2025-07-16T19:00:00,184.68389561597724,0,0
MRate,350.52570000000003,115.34896009002557,0.32907418796974247,235.17673990997446,0.6709258120302575,294,11.748717948717948,964,shell43-s1-t180,shell43,1,180,2025-07-16T19:00:00,2.942083347006701,0,0
SaTE,350.52570000000003,115.34896009002557,0.32907418796974247,235.17673990997446,0.6709258120302575,294,11.748717948717948,964,shell43-s1-t180,shell43,1,180,2025-07-16T19:00:00,3.034004632034339,0,0
+Grid,358.81554000000006,123.96198690230604,0.3454755245614669,234.85355309769403,0.6545244754385331,321,8.320754716981131,982,shell43-s2-t000,shell43,2,0,2025-07-16T16:00:00,2.5332162509439513,0,0
DRL,358.81554000000006,38.32485326757359,0.10680934629412533,320.49068673242647,0.8931906537058747,109,20.45360824742268,957,shell43-s2-t000,shell43,2,0,2025-07-16T16:00:00,2.7470034500584006,0,0
DuJo,358.81554000000006,151.98947009887615,0.4235866431506175,206.8260699011239,0.5764133568493824,390,6.184265010351967,951,shell43-s2-t000,shell43,2,0,2025-07-16T16:00:00,181.21612354298122,0,0
MRate,358.81554000000006,123.06405097943234,0.3429730244666447,235.7514890205677,0.6570269755333553,317,25.68380462724936,968,shell43-s2-t000,shell43,2,0,2025-07-16T16:00:00,2.46877753501758,0,0
SaTE,358.81554000000006,123.06405097943234,0.3429730244666447,235.7514890205677,0.6570269755333553,317,25.68380462724936,968,shell43-s2-t000,shell43,2,0,2025-07-16T16:00:00,2.589501042966731,0,0
+Grid,357.21075,118.29355008852531,0.3311589869244565,238.9171999114747,0.6688410130755434,316,22.247603833865814,980,shell43-s2-t030,shell43,2,30,2025-07-16T16:30:00,2.547890402027406,0,0
DRL,357.21075,38.86167205688918,0.10879200040001365,318.34907794311084,0.8912079995999863,108,20.723809523809525,961,shell43-s2-t030,shell43,2,30,2025-07-16T16:30:00,2.663832728052512,0,0
DuJo,357.21075,153.87156174365776,0.4307584856941113,203.33918825634225,0.5692415143058888,396,5.56701030927835,954,shell43-s2-t030,shell43,2,30,2025-07-16T16:30:00,159.09437093802262,0,0
MRate,357.21075,123.34619303649357,0.34530369826914104,233.86455696350646,0.654696301730859,318,14.360413589364844,967,shell43-s2-t030,shell43,2,30,2025-07-16T16:30:00,2.6004349190043285,0,0
SaTE,357.21075,123.34619303649357,0.34530369826914104,233.86455696350646,0.654696301730859,318,14.360413589364844,967,shell43-s2-t030,shell43,2,30,2025-07-16T16:30:00,2.5249683529837057,0,0
+Grid,357.63856000000004,123.67642657485291,0.34581401562195335,233.96213342514713,0.6541859843780466,321,16.12593984962406,978,shell43-s2-t060,shell43,2,60,2025-07-16T17:00:00,2.6164934560656548,0,0
DRL,357.63856000000004,45.09457732650294,0.12608980789572283,312.5439826734971,0.8739101921042772,121,19.09090909090909,960,shell43-s2-t060,shell43,2,60,2025-07-16T17:00:00,2.5580700129503384,0,0
DuJo,357.63856000000004,155.11890544047571,0.4337309305810752,202.51965455952433,0.5662690694189249,396,8.035849056603773,955,shell43-s2-t060,shell43,2,60,2025-07-16T17:00:00,142.26716243999545,0,0
MRate,357.63856000000004,117.68496752696261,0.3290611826838879,239.95359247303742,0.670938817316112,304,10.442857142857143,968,shell43-s2-t060,shell43,2,60,2025-07-16T17:00:00,2.512400472885929,0,0
SaTE,357.63856000000004,117.68496752696261,0.3290611826838879,239.95359247303742,0.670938817316112,304,10.442857142857143,968,shell43-s2-t060,shell43,2,60,2025-07-16T17:00:00,2.6129213930107653,0,0
+Grid,354.43285000000003,116.0459840711075,0.32741317310488427,238.38686592889252,0.6725868268951156,301,11.596658711217184,980,shell43-s2-t090,shell43,2,90,2025-07-16T17:30:00,2.6657708149868995,0,0
DRL,354.43285000000003,31.433462602265216,0.08868665137067631,322.99938739773484,0.9113133486293238,87,24.90508474576271,958,shell43-s2-t090,shell43,2,90,2025-07-16T17:30:00,2.804113022983074,0,0
DuJo,354.43285000000003,154.48690021757827,0.4358707163220854,199.94594978242176,0.5641292836779146,400,12.759152215799615,956,shell43-s2-t090,shell43,2,90,2025-07-16T17:30:00,169.9140681659337,0,0
MRate,354.43285000000003,98.73854197349873,0.27858180180956343,255.6943080265013,0.7214181981904365,256,17.694668820678515,971,shell43-s2-t090,shell43,2,90,2025-07-16T17:30:00,2.7335927459644154,0,0
SaTE,354.43285000000003,98.73854197349873,0.27858180180956343,255.6943080265013,0.7214181981904365,256,17.694668820678515,971,shell43-s2-t090,shell43,2,90,2025-07-16T17:30:00,2.6832802690332755,0,0
+Grid,357.19504000000006,123.08189196031864,0.34457895036929576,234.11314803968142,0.6554210496307042,322,28.626409017713364,981,shell43-s2-t120,shell43,2,120,2025-07-16T18:00:00,2.4896007999777794,0,0
DRL,357.19504000000006,52.67823941321646,0.14747752212129386,304.5168005867836,0.852522477878706,144,8.709016393442623,951,shell43-s2-t120,shell43,2,120,2025-07-16T18:00:00,2.517706952057779,0,0
DuJo,357.19504000000006,151.1932904122163,0.4232793669593404,206.00174958778376,0.5767206330406596,391,7.149797570850202,955,shell43-s2-t120,shell43,2,120,2025-07-16T18:00:00,137.1601498980308,0,0
MRate,357.19504000000006,120.19380503454536,0.3364934883601557,237.0012349654547,0.6635065116398443,308,9.413735343383584,966,shell43-s2-t120,shell43,2,120,2025-07-16T18:00:00,2.4669529240345582,0,0
SaTE,357.19504000000006,120.19380503454536,0.3364934883601557,237.0012349654547,0.6635065116398443,308,9.413735343383584,966,shell43-s2-t120,shell43,2,120,2025-07-16T18:00:00,2.563524090917781,0,0
+Grid,356.41908,124.93157135715273,0.35051875269178273,231.48750864284727,0.6494812473082172,321,7.139024390243902,978,shell43-s2-t180,shell43,2,180,2025-07-16T19:00:00,2.60188458499033,0,0
DRL,356.41908,52.36456296081775,0.14691851783248458,304.05451703918226,0.8530814821675154,140,15.803149606299213,952,shell43-s2-t180,shell43,2,180,2025-07-16T19:00:00,2.682471264968626,0,0
DuJo,356.41908,145.1500381187729,0.4072454205279159,211.2690418812271,0.5927545794720841,376,11.089494163424124,962,shell43-s2-t180,shell43,2,180,2025-07-16T19:00:00,148.48810256598517,0,0
MRate,356.41908,125.27343844663521,0.3514779243766501,231.14564155336478,0.6485220756233498,321,11.57001414427157,965,shell43-s2-t180,shell43,2,180,2025-07-16T19:00:00,2.5383143010549247,0,0
SaTE,356.41908,125.27343844663521,0.3514779243766501,231.14564155336478,0.6485220756233498,321,11.57001414427157,965,shell43-s2-t180,shell43,2,180,2025-07-16T19:00:00,2.540082897990942,0,0
+Grid,376.74759000000006,66.49185880289227,0.17648914171658606,310.2557311971078,0.8235108582834141,192,19.46045197740113,964,shell53-s0-t000,shell53,0,0,2025-07-16T16:00:00,2.500345710082911,0,0
DRL,376.74759000000006,53.00996560092541,0.14070419296093017,323.73762439907466,0.8592958070390698,145,21.705555555555556,947,shell53-s0-t000,shell53,0,0,2025-07-16T16:00:00,2.6721997190034017,0,0
DuJo,376.74759000000006,155.6914986106023,0.4132514785578384,221.05609138939775,0.5867485214421616,407,7.51252408477842,959,shell53-s0-t000,shell53,0,0,2025-07-16T16:00:00,220.78261707304046,0,0
MRate,376.74759000000006,123.04252392357598,0.3265914028105023,253.7050660764241,0.6734085971894977,316,6.525114155251141,953,shell53-s0-t000,shell53,0,0,2025-07-16T16:00:00,2.401295957970433,0,0
SaTE,376.74759000000006,123.04252392357598,0.3265914028105023,253.7050660764241,0.6734085971894977,316,6.525114155251141,953,shell53-s0-t000,shell53,0,0,2025-07-16T16:00:00,2.513655746006407,0,0
+Grid,369.1924,68.18513786698469,0.1846872738089535,301.00726213301533,0.8153127261910464,197,13.4,963,shell53-s0-t030,shell53,0,30,2025-07-16T16:30:00,2.9885297419968992,0,0
DRL,369.1924,46.63070415819273,0.12630461558307463,322.5616958418073,0.8736953844169254,126,10.093862815884476,956,shell53-s0-t030,shell53,0,30,2025-07-16T16:30:00,3.134039824944921,0,0
DuJo,369.1924,158.17457346827072,0.4284339912421564,211.0178265317293,0.5715660087578436,409,18.894991922455574,961,shell53-s0-t030,shell53,0,30,2025-07-16T16:30:00,234.8376074320404,0,0
MRate,369.1924,116.37235923605753,0.31520789495140616,252.82004076394247,0.6847921050485938,303,6.133986928104576,948,shell53-s0-t030,shell53,0,30,2025-07-16T16:30:00,2.8295028900029138,0,0
SaTE,369.1924,116.37235923605753,0.31520789495140616,252.82004076394247,0.6847921050485938,303,6.133986928104576,948,shell53-s0-t030,shell53,0,30,2025-07-16T16:30:00,2.7212723549455404,0,0
+Grid,370.0909500000001,52.45734510844538,0.14174176674259495,317.6336048915547,0.858258233257405,152,16.09090909090909,959,shell53-s0-t060,shell53,0,60,2025-07-16T17:00:00,2.693816103041172,0,0
DRL,370.0909500000001,46.41448479940313,0.1254137254623576,323.67646520059697,0.8745862745376425,126,16.211038961038962,950,shell53-s0-t060,shell53,0,60,2025-07-16T17:00:00,2.8867780279833823,0,0
DuJo,370.0909500000001,155.44191612700752,0.4200100438203298,214.64903387299256,0.5799899561796702,402,6.2709551656920075,946,shell53-s0-t060,shell53,0,60,2025-07-16T17:00:00,209.5256652920507,0,0
MRate,370.0909500000001,111.88291760648644,0.302311952255213,258.20803239351363,0.697688047744787,288,11.149750415973378,957,shell53-s0-t060,shell53,0,60,2025-07-16T17:00:00,2.569258964038454,0,0
SaTE,370.0909500000001,111.88291760648644,0.302311952255213,258.20803239351363,0.697688047744787,288,11.149750415973378,957,shell53-s0-t060,shell53,0,60,2025-07-16T17:00:00,2.7719746659277007,0,0
+Grid,376.49509,58.285124367339165,0.15480978614445984,318.20996563266084,0.8451902138555402,166,15.009287925696594,962,shell53-s0-t090,shell53,0,90,2025-07-16T17:30:00,2.6717830339912325,0,0
DRL,376.49509,37.054975886071794,0.09842087419007721,339.4401141139282,0.9015791258099227,102,6.194444444444445,950,shell53-s0-t090,shell53,0,90,2025-07-16T17:30:00,2.914978794986382,0,0
DuJo,376.49509,154.19404792250714,0.40955128504466587,222.30104207749287,0.5904487149553341,397,7.378531073446328,949,shell53-s0-t090,shell53,0,90,2025-07-16T17:30:00,233.70114373008255,0,0
MRate,376.49509,121.14543681584766,0.3217716247397746,255.34965318415234,0.6782283752602254,311,6.691318327974277,944,shell53-s0-t090,shell53,0,90,2025-07-16T17:30:00,2.973514058976434,0,0
SaTE,376.49509,121.14543681584766,0.3217716247397746,255.34965318415234,0.6782283752602254,311,6.691318327974277,944,shell53-s0-t090,shell53,0,90,2025-07-16T17:30:00,3.200569494976662,0,0
+Grid,364.03198000000003,60.00589588041488,0.16483688021149923,304.02608411958516,0.8351631197885008,180,14.024096385542169,957,shell53-s0-t120,shell53,0,120,2025-07-16T18:00:00,2.9990645239595324,0,0
DRL,364.03198000000003,41.4623786203925,0.11389762685243339,322.56960137960755,0.8861023731475667,114,19.223048327137548,953,shell53-s0-t120,shell53,0,120,2025-07-16T18:00:00,2.9102891359943897,0,0
DuJo,364.03198000000003,149.02510419604707,0.4093736605120436,215.00687580395297,0.5906263394879564,386,8.465160075329567,958,shell53-s0-t120,shell53,0,120,2025-07-16T18:00:00,214.0765852680197,0,0
MRate,364.03198000000003,126.01388337414986,0.3461615745247158,238.01809662585018,0.6538384254752843,325,6.576859504132232,945,shell53-s0-t120,shell53,0,120,2025-07-16T18:00:00,3.0022185150301084,0,0
SaTE,364.03198000000003,126.01388337414986,0.3461615745247158,238.01809662585018,0.6538384254752843,325,6.576859504132232,945,shell53-s0-t120,shell53,0,120,2025-07-16T18:00:00,2.8085880540311337,0,0
+Grid,372.15185,53.03262261331279,0.14250264405057447,319.1192273866872,0.8574973559494254,154,29.984018264840184,961,shell53-s0-t180,shell53,0,180,2025-07-16T19:00:00,2.586628812015988,0,0
DRL,372.15185,47.55663981309857,0.1277882665720957,324.59521018690145,0.8722117334279044,132,9.711382113821138,955,shell53-s0-t180,shell53,0,180,2025-07-16T19:00:00,2.773484856938012,0,0
DuJo,372.15185,148.95801797271565,0.40026139322622106,223.19383202728437,0.5997386067737789,386,7.206439393939394,940,shell53-s0-t180,shell53,0,180,2025-07-16T19:00:00,204.66417426301632,0,0
MRate,372.15185,95.80979811400407,0.2574481306864498,276.34205188599594,0.7425518693135502,245,7.837792642140468,956,shell53-s0-t180,shell53,0,180,2025-07-16T19:00:00,2.490467444062233,0,0
SaTE,372.15185,95.80979811400407,0.2574481306864498,276.34205188599594,0.7425518693135502,245,7.837792642140468,956,shell53-s0-t180,shell53,0,180,2025-07-16T19:00:00,2.5205607230309397,0,0
+Grid,369.3796300000001,65.53676180046958,0.17742386552412098,303.84286819953047,0.822576134475879,188,12.61038961038961,956,shell53-s1-t000,shell53,1,0,2025-07-16T16:00:00,3.54644859500695,0,0
DRL,369.3796300000001,50.270170228904604,0.13609350962018288,319.1094597710955,0.8639064903798171,134,5.506329113924051,948,shell53-s1-t000,shell53,1,0,2025-07-16T16:00:00,3.271966058993712,0,0
DuJo,369.3796300000001,147.77272780788948,0.40005651586117363,221.6069021921106,0.5999434841388264,385,9.766260162601625,946,shell53-s1-t000,shell53,1,0,2025-07-16T16:00:00,276.1377797300229,0,0
MRate,369.3796300000001,136.22109201990486,0.36878344379711686,233.15853798009522,0.6312165562028831,348,8.1125,959,shell53-s1-t000,shell53,1,0,2025-07-16T16:00:00,3.4595913919620216,0,0
SaTE,369.3796300000001,136.22109201990486,0.36878344379711686,233.15853798009522,0.6312165562028831,348,8.1125,959,shell53-s1-t000,shell53,1,0,2025-07-16T16:00:00,3.1071148581104353,0,0
+Grid,391.13576,62.96119903892554,0.16097019367118348,328.17456096107446,0.8390298063288165,183,28.391625615763548,960,shell53-s1-t030,shell53,1,30,2025-07-16T16:30:00,3.2382622100412846,0,0
DRL,391.13576,41.46718855290621,0.10601738013651886,349.66857144709377,0.893982619863481,111,14.820433436532507,957,shell53-s1-t030,shell53,1,30,2025-07-16T16:30:00,3.138554775970988,0,0
DuJo,391.13576,150.62734516260366,0.3851024645831505,240.50841483739634,0.6148975354168494,387,6.704633204633205,946,shell53-s1-t030,shell53,1,30,2025-07-16T16:30:00,245.89339205098804,0,0
MRate,391.13576,114.4473638595818,0.29260266015968933,276.6883961404182,0.7073973398403107,291,7.257956448911223,946,shell53-s1-t030,shell53,1,30,2025-07-16T16:30:00,2.9538053510477766,0,0
SaTE,391.13576,114.4473638595818,0.29260266015968933,276.6883961404182,0.7073973398403107,291,7.257956448911223,946,shell53-s1-t030,shell53,1,30,2025-07-16T16:30:00,3.383508958038874,0,0
+Grid,361.72086,54.68862478181051,0.1511901325840332,307.0322352181895,0.8488098674159668,156,14.226277372262773,956,shell53-s1-t060,shell53,1,60,2025-07-16T17:00:00,3.4166356229688972,0,0
DRL,361.72086,39.293243962892085,0.10862863690773068,322.42761603710795,0.8913713630922694,106,7.626506024096385,950,shell53-s1-t060,shell53,1,60,2025-07-16T17:00:00,3.395323325996287,0,0
DuJo,361.72086,150.2183679746293,0.41528809805060535,211.5024920253707,0.5847119019493946,387,11.47278911564626,951,shell53-s1-t060,shell53,1,60,2025-07-16T17:00:00,202.55320154502988,0,0
MRate,361.72086,127.33951666343557,0.3520380789303541,234.38134333656444,0.6479619210696459,325,6.855704697986577,949,shell53-s1-t060,shell53,1,60,2025-07-16T17:00:00,3.324156756978482,0,0
SaTE,361.72086,127.33951666343557,0.3520380789303541,234.38134333656444,0.6479619210696459,325,6.855704697986577,949,shell53-s1-t060,shell53,1,60,2025-07-16T17:00:00,3.3850229209056124,0,0
+Grid,369.38633000000004,59.07886966913942,0.15993788852213187,310.30746033086064,0.8400621114778681,170,14.422950819672131,962,shell53-s1-t090,shell53,1,90,2025-07-16T17:30:00,3.180270317941904,0,0
DRL,369.38633000000004,44.46596619580215,0.12037794196607694,324.9203638041979,0.8796220580339231,118,12.82587064676617,949,shell53-s1-t090,shell53,1,90,2025-07-16T17:30:00,3.2973555310163647,0,0
DuJo,369.38633000000004,156.99039014758904,0.42500324835407155,212.395939852411,0.5749967516459285,404,6.998098859315589,945,shell53-s1-t090,shell53,1,90,2025-07-16T17:30:00,243.91341663198546,0,0
MRate,369.38633000000004,117.05166048216942,0.3168814083676822,252.3346695178306,0.6831185916323178,299,6.714031971580817,946,shell53-s1-t090,shell53,1,90,2025-07-16T17:30:00,3.0850037150084972,0,0
SaTE,369.38633000000004,117.05166048216942,0.3168814083676822,252.3346695178306,0.6831185916323178,299,6.714031971580817,946,shell53-s1-t090,shell53,1,90,2025-07-16T17:30:00,3.567448667017743,0,0
+Grid,361.53175,51.8147660220356,0.14332009850320365,309.7169839779644,0.8566799014967963,153,20.299145299145298,956,shell53-s1-t120,shell53,1,120,2025-07-16T18:00:00,3.0112970989430323,0,0
DRL,361.53175,37.50021579401772,0.10372592668283691,324.03153420598227,0.8962740733171631,104,9.922222222222222,941,shell53-s1-t120,shell53,1,120,2025-07-16T18:00:00,2.96092142094858,0,0
DuJo,361.53175,139.07438586388702,0.3846809743926696,222.45736413611297,0.6153190256073304,362,10.38212927756654,949,shell53-s1-t120,shell53,1,120,2025-07-16T18:00:00,199.03652300604153,0,0
MRate,361.53175,117.73691223466423,0.3256613346812949,243.79483776533576,0.6743386653187051,304,6.423214285714286,943,shell53-s1-t120,shell53,1,120,2025-07-16T18:00:00,3.147690773010254,0,0
SaTE,361.53175,117.73691223466423,0.3256613346812949,243.79483776533576,0.6743386653187051,304,6.423214285714286,943,shell53-s1-t120,shell53,1,120,2025-07-16T18:00:00,3.083629037020728,0,0
+Grid,390.17266000000006,53.47389867460044,0.13705188537454271,336.69876132539963,0.8629481146254573,151,32.22279792746114,958,shell53-s1-t180,shell53,1,180,2025-07-16T19:00:00,2.3781745029846206,0,0
DRL,390.17266000000006,44.43433429850417,0.11388377211900025,345.7383257014959,0.8861162278809998,120,10.754716981132075,957,shell53-s1-t180,shell53,1,180,2025-07-16T19:00:00,2.2926290079485625,0,0
DuJo,390.17266000000006,139.97944952238078,0.3587628346957492,250.1932104776193,0.6412371653042508,358,5.564102564102564,939,shell53-s1-t180,shell53,1,180,2025-07-16T19:00:00,183.16927593795117,0,0
MRate,390.17266000000006,112.50435834706288,0.2883450581777382,277.6683016529372,0.7116549418222619,285,9.580441640378549,952,shell53-s1-t180,shell53,1,180,2025-07-16T19:00:00,2.2556078939232975,0,0
SaTE,390.17266000000006,112.50435834706288,0.2883450581777382,277.6683016529372,0.7116549418222619,285,9.580441640378549,952,shell53-s1-t180,shell53,1,180,2025-07-16T19:00:00,2.3448190059280023,0,0
+Grid,361.4127000000001,64.26758900888193,0.17782327242203141,297.14511099111814,0.8221767275779686,185,9.155038759689923,953,shell53-s2-t000,shell53,2,0,2025-07-16T16:00:00,2.797494229977019,0,0
DRL,361.4127000000001,40.57756548439893,0.11227487435942046,320.83513451560117,0.8877251256405796,112,9.164122137404581,954,shell53-s2-t000,shell53,2,0,2025-07-16T16:00:00,3.0191218779655173,0,0
DuJo,361.4127000000001,149.11344112203784,0.4125849510048701,212.29925887796225,0.58741504899513,378,3.8861047835990887,945,shell53-s2-t000,shell53,2,0,2025-07-16T16:00:00,207.04566378507297,0,0
MRate,361.4127000000001,118.12840476269996,0.32685183659207306,243.2842952373001,0.6731481634079269,307,9.2876304023845,955,shell53-s2-t000,shell53,2,0,2025-07-16T16:00:00,2.5729820299893618,0,0
SaTE,361.4127000000001,118.12840476269996,0.32685183659207306,243.2842952373001,0.6731481634079269,307,9.2876304023845,955,shell53-s2-t000,shell53,2,0,2025-07-16T16:00:00,2.781596474000253,0,0
+Grid,390.05901000000006,65.7577559234496,0.1685841224984127,324.30125407655044,0.8314158775015872,191,15.309090909090909,954,shell53-s2-t030,shell53,2,30,2025-07-16T16:30:00,2.6320679700002074,0,0
DRL,390.05901000000006,38.231123475309815,0.09801369150608727,351.82788652469026,0.9019863084939128,105,11.537142857142857,944,shell53-s2-t030,shell53,2,30,2025-07-16T16:30:00,2.7256857600295916,0,0
DuJo,390.05901000000006,147.20678031848053,0.37739617992282887,242.85222968151953,0.6226038200771712,379,9.651252408477841,948,shell53-s2-t030,shell53,2,30,2025-07-16T16:30:00,175.91925010003615,0,0
MRate,390.05901000000006,119.74869330450396,0.3070014798645568,270.3103166954961,0.6929985201354433,304,7.022328548644338,946,shell53-s2-t030,shell53,2,30,2025-07-16T16:30:00,2.7170629629399627,0,0
SaTE,390.05901000000006,119.74869330450396,0.3070014798645568,270.3103166954961,0.6929985201354433,304,7.022328548644338,946,shell53-s2-t030,shell53,2,30,2025-07-16T16:30:00,2.6283569569932297,0,0
+Grid,363.973,52.61360053622461,0.14455358099700968,311.3593994637754,0.8554464190029902,151,10.37295081967213,955,shell53-s2-t060,shell53,2,60,2025-07-16T17:00:00,2.640459117013961,0,0
DRL,363.973,40.65403089097927,0.11169518313440631,323.3189691090207,0.8883048168655936,113,10.027777777777779,949,shell53-s2-t060,shell53,2,60,2025-07-16T17:00:00,2.6888959739590064,0,0
DuJo,363.973,162.0749625272441,0.44529391610708513,201.8980374727559,0.5547060838929149,413,5.971153846153846,946,shell53-s2-t060,shell53,2,60,2025-07-16T17:00:00,149.8223951519467,0,0
MRate,363.973,101.52235453921203,0.2789282571487776,262.450645460788,0.7210717428512224,254,5.60038240917782,948,shell53-s2-t060,shell53,2,60,2025-07-16T17:00:00,2.6569773909868672,0,0
SaTE,363.973,101.52235453921203,0.2789282571487776,262.450645460788,0.7210717428512224,254,5.60038240917782,948,shell53-s2-t060,shell53,2,60,2025-07-16T17:00:00,2.7400378979509696,0,0
+Grid,356.04394,55.69127601524823,0.15641686252333975,300.3526639847518,0.8435831374766604,159,10.129411764705882,958,shell53-s2-t090,shell53,2,90,2025-07-16T17:30:00,2.7539959229761735,0,0
DRL,356.04394,49.092053880540504,0.1378820093962012,306.9518861194595,0.8621179906037988,134,8.756972111553784,949,shell53-s2-t090,shell53,2,90,2025-07-16T17:30:00,2.7791127800010145,0,0
DuJo,356.04394,152.52499862371047,0.42838813272235576,203.51894137628955,0.5716118672776442,397,8.272908366533864,953,shell53-s2-t090,shell53,2,90,2025-07-16T17:30:00,137.48938569496386,0,0
MRate,356.04394,124.93116075769413,0.35088691793966253,231.1127792423059,0.6491130820603375,319,6.838124054462935,948,shell53-s2-t090,shell53,2,90,2025-07-16T17:30:00,2.6941788520198315,0,0
SaTE,356.04394,124.93116075769413,0.35088691793966253,231.1127792423059,0.6491130820603375,319,6.838124054462935,948,shell53-s2-t090,shell53,2,90,2025-07-16T17:30:00,2.6797902619000524,0,0
+Grid,356.89223000000004,53.31160854626655,0.14937733036739562,303.5806214537335,0.8506226696326044,161,14.033557046979865,954,shell53-s2-t120,shell53,2,120,2025-07-16T18:00:00,2.8124936489621177,0,0
DRL,356.89223000000004,46.63609250877006,0.13067275941751397,310.25613749123,0.8693272405824861,122,11.995780590717299,950,shell53-s2-t120,shell53,2,120,2025-07-16T18:00:00,2.9302536320174113,0,0
DuJo,356.89223000000004,141.44075248890562,0.39631222144821027,215.45147751109442,0.6036877785517897,364,8.944444444444445,953,shell53-s2-t120,shell53,2,120,2025-07-16T18:00:00,150.27328251802828,0,0
MRate,356.89223000000004,117.41308524003664,0.32898750762950657,239.4791447599634,0.6710124923704933,298,5.655652173913044,947,shell53-s2-t120,shell53,2,120,2025-07-16T18:00:00,2.891829725005664,0,0
SaTE,356.89223000000004,117.41308524003664,0.32898750762950657,239.4791447599634,0.6710124923704933,298,5.655652173913044,947,shell53-s2-t120,shell53,2,120,2025-07-16T18:00:00,2.7952993899816647,0,0
+Grid,381.31935000000004,52.93961465312555,0.1388327517424058,328.3797353468745,0.8611672482575943,156,19.944615384615386,956,shell53-s2-t180,shell53,2,180,2025-07-16T19:00:00,2.4532519539352506,0,0
DRL,381.31935000000004,40.81721986486452,0.10704208916978515,340.50213013513553,0.8929579108302149,112,19.56382978723404,949,shell53-s2-t180,shell53,2,180,2025-07-16T19:00:00,2.4914300340460613,0,0
DuJo,381.31935000000004,155.74871392133466,0.40844691967857033,225.5706360786654,0.5915530803214297,392,8.109640831758034,949,shell53-s2-t180,shell53,2,180,2025-07-16T19:00:00,167.43176813295577,0,0
MRate,381.31935000000004,105.98321440466928,0.2779382016796926,275.33613559533075,0.7220617983203074,272,6.709515859766277,951,shell53-s2-t180,shell53,2,180,2025-07-16T19:00:00,2.555311931995675,0,0
SaTE,381.31935000000004,105.98321440466928,0.2779382016796926,275.33613559533075,0.7220617983203074,272,6.709515859766277,951,shell53-s2-t180,shell53,2,180,2025-07-16T19:00:00,2.4586022059665993,0,0
